X,CH1,Start,Increment
Sequence,Volt,-3.00E-03,5.00E-06
0,2.16E+00,-3.00E-03,5.00E-06
1,3.20E+00,-3.00E-03,5.00E-06
2,3.04E+00,-3.00E-03,5.00E-06
3,3.20E+00,-3.00E-03,5.00E-06
4,3.04E+00,-3.00E-03,5.00E-06
5,3.20E+00,-3.00E-03,5.00E-06
6,3.04E+00,-3.00E-03,5.00E-06
7,3.20E+00,-3.00E-03,5.00E-06
8,3.04E+00,-3.00E-03,5.00E-06
9,3.12E+00,-3.00E-03,5.00E-06
10,3.12E+00,-3.00E-03,5.00E-06
11,3.04E+00,-3.00E-03,5.00E-06
12,3.04E+00,-3.00E-03,5.00E-06
13,3.12E+00,-3.00E-03,5.00E-06
14,3.04E+00,-3.00E-03,5.00E-06
15,3.12E+00,-3.00E-03,5.00E-06
16,3.04E+00,-3.00E-03,5.00E-06
17,3.04E+00,-3.00E-03,5.00E-06
18,3.04E+00,-3.00E-03,5.00E-06
19,3.12E+00,-3.00E-03,5.00E-06
20,3.12E+00,-3.00E-03,5.00E-06
21,3.04E+00,-3.00E-03,5.00E-06
22,3.04E+00,-3.00E-03,5.00E-06
23,3.12E+00,-3.00E-03,5.00E-06
24,3.04E+00,-3.00E-03,5.00E-06
25,3.12E+00,-3.00E-03,5.00E-06
26,3.04E+00,-3.00E-03,5.00E-06
27,3.04E+00,-3.00E-03,5.00E-06
28,3.04E+00,-3.00E-03,5.00E-06
29,3.12E+00,-3.00E-03,5.00E-06
30,3.04E+00,-3.00E-03,5.00E-06
31,3.04E+00,-3.00E-03,5.00E-06
32,3.04E+00,-3.00E-03,5.00E-06
33,3.12E+00,-3.00E-03,5.00E-06
34,3.04E+00,-3.00E-03,5.00E-06
35,3.12E+00,-3.00E-03,5.00E-06
36,3.04E+00,-3.00E-03,5.00E-06
37,3.12E+00,-3.00E-03,5.00E-06
38,3.04E+00,-3.00E-03,5.00E-06
39,3.12E+00,-3.00E-03,5.00E-06
40,3.04E+00,-3.00E-03,5.00E-06
41,3.12E+00,-3.00E-03,5.00E-06
42,3.04E+00,-3.00E-03,5.00E-06
43,3.12E+00,-3.00E-03,5.00E-06
44,3.04E+00,-3.00E-03,5.00E-06
45,3.04E+00,-3.00E-03,5.00E-06
46,3.04E+00,-3.00E-03,5.00E-06
47,3.12E+00,-3.00E-03,5.00E-06
48,3.04E+00,-3.00E-03,5.00E-06
49,3.12E+00,-3.00E-03,5.00E-06
50,3.04E+00,-3.00E-03,5.00E-06
51,3.12E+00,-3.00E-03,5.00E-06
52,3.04E+00,-3.00E-03,5.00E-06
53,3.12E+00,-3.00E-03,5.00E-06
54,3.04E+00,-3.00E-03,5.00E-06
55,3.12E+00,-3.00E-03,5.00E-06
56,3.04E+00,-3.00E-03,5.00E-06
57,3.12E+00,-3.00E-03,5.00E-06
58,3.04E+00,-3.00E-03,5.00E-06
59,3.12E+00,-3.00E-03,5.00E-06
60,3.12E+00,-3.00E-03,5.00E-06
61,3.04E+00,-3.00E-03,5.00E-06
62,3.12E+00,-3.00E-03,5.00E-06
63,2.96E+00,-3.00E-03,5.00E-06
64,3.12E+00,-3.00E-03,5.00E-06
65,3.04E+00,-3.00E-03,5.00E-06
66,3.04E+00,-3.00E-03,5.00E-06
67,2.96E+00,-3.00E-03,5.00E-06
68,3.04E+00,-3.00E-03,5.00E-06
69,2.96E+00,-3.00E-03,5.00E-06
70,3.04E+00,-3.00E-03,5.00E-06
71,2.96E+00,-3.00E-03,5.00E-06
72,3.12E+00,-3.00E-03,5.00E-06
73,2.96E+00,-3.00E-03,5.00E-06
74,3.04E+00,-3.00E-03,5.00E-06
75,3.12E+00,-3.00E-03,5.00E-06
76,3.04E+00,-3.00E-03,5.00E-06
77,3.04E+00,-3.00E-03,5.00E-06
78,3.04E+00,-3.00E-03,5.00E-06
79,3.12E+00,-3.00E-03,5.00E-06
80,3.12E+00,-3.00E-03,5.00E-06
81,2.96E+00,-3.00E-03,5.00E-06
82,3.12E+00,-3.00E-03,5.00E-06
83,2.88E+00,-3.00E-03,5.00E-06
84,2.96E+00,-3.00E-03,5.00E-06
85,3.12E+00,-3.00E-03,5.00E-06
86,3.04E+00,-3.00E-03,5.00E-06
87,3.12E+00,-3.00E-03,5.00E-06
88,3.04E+00,-3.00E-03,5.00E-06
89,2.88E+00,-3.00E-03,5.00E-06
90,3.12E+00,-3.00E-03,5.00E-06
91,2.96E+00,-3.00E-03,5.00E-06
92,3.12E+00,-3.00E-03,5.00E-06
93,2.96E+00,-3.00E-03,5.00E-06
94,3.12E+00,-3.00E-03,5.00E-06
95,2.96E+00,-3.00E-03,5.00E-06
96,2.96E+00,-3.00E-03,5.00E-06
97,3.12E+00,-3.00E-03,5.00E-06
98,3.04E+00,-3.00E-03,5.00E-06
99,1.36E+00,-3.00E-03,5.00E-06
100,8.80E-01,-3.00E-03,5.00E-06
101,-8.00E-02,-3.00E-03,5.00E-06
102,0.00E+00,-3.00E-03,5.00E-06
103,-8.00E-02,-3.00E-03,5.00E-06
104,0.00E+00,-3.00E-03,5.00E-06
105,-8.00E-02,-3.00E-03,5.00E-06
106,-8.00E-02,-3.00E-03,5.00E-06
107,0.00E+00,-3.00E-03,5.00E-06
108,0.00E+00,-3.00E-03,5.00E-06
109,-8.00E-02,-3.00E-03,5.00E-06
110,0.00E+00,-3.00E-03,5.00E-06
111,-8.00E-02,-3.00E-03,5.00E-06
112,-8.00E-02,-3.00E-03,5.00E-06
113,8.00E-02,-3.00E-03,5.00E-06
114,-8.00E-02,-3.00E-03,5.00E-06
115,8.00E-02,-3.00E-03,5.00E-06
116,-8.00E-02,-3.00E-03,5.00E-06
117,8.00E-02,-3.00E-03,5.00E-06
118,8.00E-02,-3.00E-03,5.00E-06
119,-8.00E-02,-3.00E-03,5.00E-06
120,-8.00E-02,-3.00E-03,5.00E-06
121,1.60E-01,-3.00E-03,5.00E-06
122,8.00E-02,-3.00E-03,5.00E-06
123,-8.00E-02,-3.00E-03,5.00E-06
124,8.00E-02,-3.00E-03,5.00E-06
125,-8.00E-02,-3.00E-03,5.00E-06
126,8.00E-02,-3.00E-03,5.00E-06
127,-8.00E-02,-3.00E-03,5.00E-06
128,1.60E-01,-3.00E-03,5.00E-06
129,-8.00E-02,-3.00E-03,5.00E-06
130,8.00E-02,-3.00E-03,5.00E-06
131,-8.00E-02,-3.00E-03,5.00E-06
132,8.00E-02,-3.00E-03,5.00E-06
133,-8.00E-02,-3.00E-03,5.00E-06
134,8.00E-02,-3.00E-03,5.00E-06
135,-8.00E-02,-3.00E-03,5.00E-06
136,1.60E-01,-3.00E-03,5.00E-06
137,-8.00E-02,-3.00E-03,5.00E-06
138,8.00E-02,-3.00E-03,5.00E-06
139,0.00E+00,-3.00E-03,5.00E-06
140,8.00E-02,-3.00E-03,5.00E-06
141,-8.00E-02,-3.00E-03,5.00E-06
142,1.60E-01,-3.00E-03,5.00E-06
143,0.00E+00,-3.00E-03,5.00E-06
144,8.00E-02,-3.00E-03,5.00E-06
145,0.00E+00,-3.00E-03,5.00E-06
146,1.60E-01,-3.00E-03,5.00E-06
147,0.00E+00,-3.00E-03,5.00E-06
148,8.00E-02,-3.00E-03,5.00E-06
149,1.60E-01,-3.00E-03,5.00E-06
150,8.00E-02,-3.00E-03,5.00E-06
151,0.00E+00,-3.00E-03,5.00E-06
152,8.00E-02,-3.00E-03,5.00E-06
153,8.00E-02,-3.00E-03,5.00E-06
154,0.00E+00,-3.00E-03,5.00E-06
155,1.60E-01,-3.00E-03,5.00E-06
156,8.00E-02,-3.00E-03,5.00E-06
157,8.00E-02,-3.00E-03,5.00E-06
158,8.00E-02,-3.00E-03,5.00E-06
159,0.00E+00,-3.00E-03,5.00E-06
160,8.00E-02,-3.00E-03,5.00E-06
161,8.00E-02,-3.00E-03,5.00E-06
162,8.00E-02,-3.00E-03,5.00E-06
163,1.60E-01,-3.00E-03,5.00E-06
164,8.00E-02,-3.00E-03,5.00E-06
165,1.60E-01,-3.00E-03,5.00E-06
166,8.00E-02,-3.00E-03,5.00E-06
167,1.60E-01,-3.00E-03,5.00E-06
168,8.00E-02,-3.00E-03,5.00E-06
169,8.00E-02,-3.00E-03,5.00E-06
170,8.00E-02,-3.00E-03,5.00E-06
171,8.00E-02,-3.00E-03,5.00E-06
172,8.00E-02,-3.00E-03,5.00E-06
173,8.00E-02,-3.00E-03,5.00E-06
174,8.00E-02,-3.00E-03,5.00E-06
175,8.00E-02,-3.00E-03,5.00E-06
176,8.00E-02,-3.00E-03,5.00E-06
177,8.00E-02,-3.00E-03,5.00E-06
178,8.00E-02,-3.00E-03,5.00E-06
179,8.00E-02,-3.00E-03,5.00E-06
180,8.00E-02,-3.00E-03,5.00E-06
181,8.00E-02,-3.00E-03,5.00E-06
182,8.00E-02,-3.00E-03,5.00E-06
183,1.60E-01,-3.00E-03,5.00E-06
184,8.00E-02,-3.00E-03,5.00E-06
185,8.00E-02,-3.00E-03,5.00E-06
186,8.00E-02,-3.00E-03,5.00E-06
187,8.00E-02,-3.00E-03,5.00E-06
188,8.00E-02,-3.00E-03,5.00E-06
189,1.60E-01,-3.00E-03,5.00E-06
190,8.00E-02,-3.00E-03,5.00E-06
191,8.00E-02,-3.00E-03,5.00E-06
192,8.00E-02,-3.00E-03,5.00E-06
193,8.00E-02,-3.00E-03,5.00E-06
194,8.00E-02,-3.00E-03,5.00E-06
195,1.60E-01,-3.00E-03,5.00E-06
196,8.00E-02,-3.00E-03,5.00E-06
197,8.00E-02,-3.00E-03,5.00E-06
198,8.00E-02,-3.00E-03,5.00E-06
199,1.76E+00,-3.00E-03,5.00E-06
200,2.24E+00,-3.00E-03,5.00E-06
201,3.20E+00,-3.00E-03,5.00E-06
202,3.04E+00,-3.00E-03,5.00E-06
203,3.12E+00,-3.00E-03,5.00E-06
204,3.04E+00,-3.00E-03,5.00E-06
205,3.20E+00,-3.00E-03,5.00E-06
206,3.04E+00,-3.00E-03,5.00E-06
207,3.20E+00,-3.00E-03,5.00E-06
208,3.04E+00,-3.00E-03,5.00E-06
209,3.04E+00,-3.00E-03,5.00E-06
210,3.04E+00,-3.00E-03,5.00E-06
211,3.12E+00,-3.00E-03,5.00E-06
212,3.04E+00,-3.00E-03,5.00E-06
213,3.12E+00,-3.00E-03,5.00E-06
214,3.12E+00,-3.00E-03,5.00E-06
215,3.04E+00,-3.00E-03,5.00E-06
216,3.04E+00,-3.00E-03,5.00E-06
217,3.12E+00,-3.00E-03,5.00E-06
218,3.04E+00,-3.00E-03,5.00E-06
219,3.12E+00,-3.00E-03,5.00E-06
220,3.12E+00,-3.00E-03,5.00E-06
221,3.04E+00,-3.00E-03,5.00E-06
222,3.04E+00,-3.00E-03,5.00E-06
223,3.12E+00,-3.00E-03,5.00E-06
224,3.12E+00,-3.00E-03,5.00E-06
225,3.04E+00,-3.00E-03,5.00E-06
226,3.04E+00,-3.00E-03,5.00E-06
227,3.12E+00,-3.00E-03,5.00E-06
228,3.04E+00,-3.00E-03,5.00E-06
229,3.12E+00,-3.00E-03,5.00E-06
230,3.12E+00,-3.00E-03,5.00E-06
231,3.04E+00,-3.00E-03,5.00E-06
232,3.04E+00,-3.00E-03,5.00E-06
233,3.12E+00,-3.00E-03,5.00E-06
234,3.04E+00,-3.00E-03,5.00E-06
235,3.04E+00,-3.00E-03,5.00E-06
236,3.04E+00,-3.00E-03,5.00E-06
237,3.04E+00,-3.00E-03,5.00E-06
238,3.04E+00,-3.00E-03,5.00E-06
239,3.12E+00,-3.00E-03,5.00E-06
240,3.12E+00,-3.00E-03,5.00E-06
241,3.04E+00,-3.00E-03,5.00E-06
242,3.04E+00,-3.00E-03,5.00E-06
243,3.12E+00,-3.00E-03,5.00E-06
244,3.04E+00,-3.00E-03,5.00E-06
245,3.12E+00,-3.00E-03,5.00E-06
246,3.04E+00,-3.00E-03,5.00E-06
247,3.12E+00,-3.00E-03,5.00E-06
248,3.04E+00,-3.00E-03,5.00E-06
249,3.12E+00,-3.00E-03,5.00E-06
250,3.04E+00,-3.00E-03,5.00E-06
251,3.12E+00,-3.00E-03,5.00E-06
252,3.04E+00,-3.00E-03,5.00E-06
253,3.12E+00,-3.00E-03,5.00E-06
254,3.04E+00,-3.00E-03,5.00E-06
255,3.12E+00,-3.00E-03,5.00E-06
256,3.04E+00,-3.00E-03,5.00E-06
257,3.12E+00,-3.00E-03,5.00E-06
258,3.12E+00,-3.00E-03,5.00E-06
259,3.04E+00,-3.00E-03,5.00E-06
260,3.04E+00,-3.00E-03,5.00E-06
261,3.12E+00,-3.00E-03,5.00E-06
262,2.96E+00,-3.00E-03,5.00E-06
263,3.12E+00,-3.00E-03,5.00E-06
264,3.04E+00,-3.00E-03,5.00E-06
265,3.12E+00,-3.00E-03,5.00E-06
266,3.04E+00,-3.00E-03,5.00E-06
267,3.12E+00,-3.00E-03,5.00E-06
268,3.04E+00,-3.00E-03,5.00E-06
269,3.12E+00,-3.00E-03,5.00E-06
270,3.04E+00,-3.00E-03,5.00E-06
271,3.04E+00,-3.00E-03,5.00E-06
272,3.04E+00,-3.00E-03,5.00E-06
273,2.96E+00,-3.00E-03,5.00E-06
274,3.04E+00,-3.00E-03,5.00E-06
275,2.96E+00,-3.00E-03,5.00E-06
276,3.04E+00,-3.00E-03,5.00E-06
277,3.12E+00,-3.00E-03,5.00E-06
278,3.04E+00,-3.00E-03,5.00E-06
279,3.12E+00,-3.00E-03,5.00E-06
280,3.04E+00,-3.00E-03,5.00E-06
281,3.04E+00,-3.00E-03,5.00E-06
282,3.04E+00,-3.00E-03,5.00E-06
283,3.12E+00,-3.00E-03,5.00E-06
284,3.04E+00,-3.00E-03,5.00E-06
285,3.12E+00,-3.00E-03,5.00E-06
286,3.12E+00,-3.00E-03,5.00E-06
287,2.88E+00,-3.00E-03,5.00E-06
288,3.04E+00,-3.00E-03,5.00E-06
289,3.04E+00,-3.00E-03,5.00E-06
290,2.96E+00,-3.00E-03,5.00E-06
291,3.12E+00,-3.00E-03,5.00E-06
292,3.04E+00,-3.00E-03,5.00E-06
293,2.96E+00,-3.00E-03,5.00E-06
294,3.12E+00,-3.00E-03,5.00E-06
295,2.88E+00,-3.00E-03,5.00E-06
296,3.04E+00,-3.00E-03,5.00E-06
297,3.12E+00,-3.00E-03,5.00E-06
298,3.12E+00,-3.00E-03,5.00E-06
299,1.20E+00,-3.00E-03,5.00E-06
300,9.60E-01,-3.00E-03,5.00E-06
301,-8.00E-02,-3.00E-03,5.00E-06
302,0.00E+00,-3.00E-03,5.00E-06
303,-8.00E-02,-3.00E-03,5.00E-06
304,-8.00E-02,-3.00E-03,5.00E-06
305,0.00E+00,-3.00E-03,5.00E-06
306,0.00E+00,-3.00E-03,5.00E-06
307,-8.00E-02,-3.00E-03,5.00E-06
308,0.00E+00,-3.00E-03,5.00E-06
309,-8.00E-02,-3.00E-03,5.00E-06
310,0.00E+00,-3.00E-03,5.00E-06
311,-8.00E-02,-3.00E-03,5.00E-06
312,0.00E+00,-3.00E-03,5.00E-06
313,-8.00E-02,-3.00E-03,5.00E-06
314,-8.00E-02,-3.00E-03,5.00E-06
315,8.00E-02,-3.00E-03,5.00E-06
316,-8.00E-02,-3.00E-03,5.00E-06
317,8.00E-02,-3.00E-03,5.00E-06
318,8.00E-02,-3.00E-03,5.00E-06
319,-8.00E-02,-3.00E-03,5.00E-06
320,-8.00E-02,-3.00E-03,5.00E-06
321,8.00E-02,-3.00E-03,5.00E-06
322,1.60E-01,-3.00E-03,5.00E-06
323,-8.00E-02,-3.00E-03,5.00E-06
324,8.00E-02,-3.00E-03,5.00E-06
325,-8.00E-02,-3.00E-03,5.00E-06
326,1.60E-01,-3.00E-03,5.00E-06
327,-8.00E-02,-3.00E-03,5.00E-06
328,8.00E-02,-3.00E-03,5.00E-06
329,-8.00E-02,-3.00E-03,5.00E-06
330,8.00E-02,-3.00E-03,5.00E-06
331,-8.00E-02,-3.00E-03,5.00E-06
332,8.00E-02,-3.00E-03,5.00E-06
333,-8.00E-02,-3.00E-03,5.00E-06
334,8.00E-02,-3.00E-03,5.00E-06
335,-8.00E-02,-3.00E-03,5.00E-06
336,8.00E-02,-3.00E-03,5.00E-06
337,-8.00E-02,-3.00E-03,5.00E-06
338,8.00E-02,-3.00E-03,5.00E-06
339,-8.00E-02,-3.00E-03,5.00E-06
340,8.00E-02,-3.00E-03,5.00E-06
341,1.60E-01,-3.00E-03,5.00E-06
342,8.00E-02,-3.00E-03,5.00E-06
343,-8.00E-02,-3.00E-03,5.00E-06
344,8.00E-02,-3.00E-03,5.00E-06
345,0.00E+00,-3.00E-03,5.00E-06
346,0.00E+00,-3.00E-03,5.00E-06
347,1.60E-01,-3.00E-03,5.00E-06
348,8.00E-02,-3.00E-03,5.00E-06
349,8.00E-02,-3.00E-03,5.00E-06
350,8.00E-02,-3.00E-03,5.00E-06
351,1.60E-01,-3.00E-03,5.00E-06
352,0.00E+00,-3.00E-03,5.00E-06
353,1.60E-01,-3.00E-03,5.00E-06
354,8.00E-02,-3.00E-03,5.00E-06
355,8.00E-02,-3.00E-03,5.00E-06
356,8.00E-02,-3.00E-03,5.00E-06
357,8.00E-02,-3.00E-03,5.00E-06
358,8.00E-02,-3.00E-03,5.00E-06
359,8.00E-02,-3.00E-03,5.00E-06
360,8.00E-02,-3.00E-03,5.00E-06
361,1.60E-01,-3.00E-03,5.00E-06
362,8.00E-02,-3.00E-03,5.00E-06
363,8.00E-02,-3.00E-03,5.00E-06
364,8.00E-02,-3.00E-03,5.00E-06
365,8.00E-02,-3.00E-03,5.00E-06
366,8.00E-02,-3.00E-03,5.00E-06
367,1.60E-01,-3.00E-03,5.00E-06
368,8.00E-02,-3.00E-03,5.00E-06
369,1.60E-01,-3.00E-03,5.00E-06
370,8.00E-02,-3.00E-03,5.00E-06
371,1.60E-01,-3.00E-03,5.00E-06
372,8.00E-02,-3.00E-03,5.00E-06
373,1.60E-01,-3.00E-03,5.00E-06
374,8.00E-02,-3.00E-03,5.00E-06
375,-8.00E-02,-3.00E-03,5.00E-06
376,8.00E-02,-3.00E-03,5.00E-06
377,8.00E-02,-3.00E-03,5.00E-06
378,8.00E-02,-3.00E-03,5.00E-06
379,8.00E-02,-3.00E-03,5.00E-06
380,8.00E-02,-3.00E-03,5.00E-06
381,8.00E-02,-3.00E-03,5.00E-06
382,8.00E-02,-3.00E-03,5.00E-06
383,8.00E-02,-3.00E-03,5.00E-06
384,8.00E-02,-3.00E-03,5.00E-06
385,8.00E-02,-3.00E-03,5.00E-06
386,8.00E-02,-3.00E-03,5.00E-06
387,1.60E-01,-3.00E-03,5.00E-06
388,8.00E-02,-3.00E-03,5.00E-06
389,8.00E-02,-3.00E-03,5.00E-06
390,8.00E-02,-3.00E-03,5.00E-06
391,8.00E-02,-3.00E-03,5.00E-06
392,8.00E-02,-3.00E-03,5.00E-06
393,1.60E-01,-3.00E-03,5.00E-06
394,8.00E-02,-3.00E-03,5.00E-06
395,8.00E-02,-3.00E-03,5.00E-06
396,8.00E-02,-3.00E-03,5.00E-06
397,8.00E-02,-3.00E-03,5.00E-06
398,8.00E-02,-3.00E-03,5.00E-06
399,1.76E+00,-3.00E-03,5.00E-06
400,2.16E+00,-3.00E-03,5.00E-06
401,3.20E+00,-3.00E-03,5.00E-06
402,3.04E+00,-3.00E-03,5.00E-06
403,3.20E+00,-3.00E-03,5.00E-06
404,3.04E+00,-3.00E-03,5.00E-06
405,3.20E+00,-3.00E-03,5.00E-06
406,3.04E+00,-3.00E-03,5.00E-06
407,3.20E+00,-3.00E-03,5.00E-06
408,3.04E+00,-3.00E-03,5.00E-06
409,3.12E+00,-3.00E-03,5.00E-06
410,3.04E+00,-3.00E-03,5.00E-06
411,3.12E+00,-3.00E-03,5.00E-06
412,3.04E+00,-3.00E-03,5.00E-06
413,3.12E+00,-3.00E-03,5.00E-06
414,3.04E+00,-3.00E-03,5.00E-06
415,3.12E+00,-3.00E-03,5.00E-06
416,3.04E+00,-3.00E-03,5.00E-06
417,3.12E+00,-3.00E-03,5.00E-06
418,3.04E+00,-3.00E-03,5.00E-06
419,3.12E+00,-3.00E-03,5.00E-06
420,3.12E+00,-3.00E-03,5.00E-06
421,3.04E+00,-3.00E-03,5.00E-06
422,3.12E+00,-3.00E-03,5.00E-06
423,3.04E+00,-3.00E-03,5.00E-06
424,3.04E+00,-3.00E-03,5.00E-06
425,3.12E+00,-3.00E-03,5.00E-06
426,3.04E+00,-3.00E-03,5.00E-06
427,3.04E+00,-3.00E-03,5.00E-06
428,3.12E+00,-3.00E-03,5.00E-06
429,3.04E+00,-3.00E-03,5.00E-06
430,3.04E+00,-3.00E-03,5.00E-06
431,3.12E+00,-3.00E-03,5.00E-06
432,3.04E+00,-3.00E-03,5.00E-06
433,3.12E+00,-3.00E-03,5.00E-06
434,3.04E+00,-3.00E-03,5.00E-06
435,3.12E+00,-3.00E-03,5.00E-06
436,3.04E+00,-3.00E-03,5.00E-06
437,3.04E+00,-3.00E-03,5.00E-06
438,3.04E+00,-3.00E-03,5.00E-06
439,3.12E+00,-3.00E-03,5.00E-06
440,3.04E+00,-3.00E-03,5.00E-06
441,3.04E+00,-3.00E-03,5.00E-06
442,3.04E+00,-3.00E-03,5.00E-06
443,3.12E+00,-3.00E-03,5.00E-06
444,3.04E+00,-3.00E-03,5.00E-06
445,3.12E+00,-3.00E-03,5.00E-06
446,3.12E+00,-3.00E-03,5.00E-06
447,3.04E+00,-3.00E-03,5.00E-06
448,3.04E+00,-3.00E-03,5.00E-06
449,3.12E+00,-3.00E-03,5.00E-06
450,3.04E+00,-3.00E-03,5.00E-06
451,3.04E+00,-3.00E-03,5.00E-06
452,3.12E+00,-3.00E-03,5.00E-06
453,3.04E+00,-3.00E-03,5.00E-06
454,3.04E+00,-3.00E-03,5.00E-06
455,3.12E+00,-3.00E-03,5.00E-06
456,3.04E+00,-3.00E-03,5.00E-06
457,3.12E+00,-3.00E-03,5.00E-06
458,3.04E+00,-3.00E-03,5.00E-06
459,3.04E+00,-3.00E-03,5.00E-06
460,3.12E+00,-3.00E-03,5.00E-06
461,2.96E+00,-3.00E-03,5.00E-06
462,2.96E+00,-3.00E-03,5.00E-06
463,3.12E+00,-3.00E-03,5.00E-06
464,3.12E+00,-3.00E-03,5.00E-06
465,2.96E+00,-3.00E-03,5.00E-06
466,2.88E+00,-3.00E-03,5.00E-06
467,3.12E+00,-3.00E-03,5.00E-06
468,3.04E+00,-3.00E-03,5.00E-06
469,3.12E+00,-3.00E-03,5.00E-06
470,3.04E+00,-3.00E-03,5.00E-06
471,3.12E+00,-3.00E-03,5.00E-06
472,3.12E+00,-3.00E-03,5.00E-06
473,3.04E+00,-3.00E-03,5.00E-06
474,3.04E+00,-3.00E-03,5.00E-06
475,3.12E+00,-3.00E-03,5.00E-06
476,3.04E+00,-3.00E-03,5.00E-06
477,3.04E+00,-3.00E-03,5.00E-06
478,3.04E+00,-3.00E-03,5.00E-06
479,3.04E+00,-3.00E-03,5.00E-06
480,3.04E+00,-3.00E-03,5.00E-06
481,3.04E+00,-3.00E-03,5.00E-06
482,3.12E+00,-3.00E-03,5.00E-06
483,2.96E+00,-3.00E-03,5.00E-06
484,3.04E+00,-3.00E-03,5.00E-06
485,3.12E+00,-3.00E-03,5.00E-06
486,3.04E+00,-3.00E-03,5.00E-06
487,2.88E+00,-3.00E-03,5.00E-06
488,2.96E+00,-3.00E-03,5.00E-06
489,3.12E+00,-3.00E-03,5.00E-06
490,3.04E+00,-3.00E-03,5.00E-06
491,3.12E+00,-3.00E-03,5.00E-06
492,3.04E+00,-3.00E-03,5.00E-06
493,3.04E+00,-3.00E-03,5.00E-06
494,3.04E+00,-3.00E-03,5.00E-06
495,3.12E+00,-3.00E-03,5.00E-06
496,3.04E+00,-3.00E-03,5.00E-06
497,2.88E+00,-3.00E-03,5.00E-06
498,3.12E+00,-3.00E-03,5.00E-06
499,1.20E+00,-3.00E-03,5.00E-06
500,8.80E-01,-3.00E-03,5.00E-06
501,0.00E+00,-3.00E-03,5.00E-06
502,0.00E+00,-3.00E-03,5.00E-06
503,-8.00E-02,-3.00E-03,5.00E-06
504,0.00E+00,-3.00E-03,5.00E-06
505,-8.00E-02,-3.00E-03,5.00E-06
506,0.00E+00,-3.00E-03,5.00E-06
507,-8.00E-02,-3.00E-03,5.00E-06
508,-8.00E-02,-3.00E-03,5.00E-06
509,0.00E+00,-3.00E-03,5.00E-06
510,0.00E+00,-3.00E-03,5.00E-06
511,-8.00E-02,-3.00E-03,5.00E-06
512,-8.00E-02,-3.00E-03,5.00E-06
513,0.00E+00,-3.00E-03,5.00E-06
514,8.00E-02,-3.00E-03,5.00E-06
515,-8.00E-02,-3.00E-03,5.00E-06
516,8.00E-02,-3.00E-03,5.00E-06
517,-8.00E-02,-3.00E-03,5.00E-06
518,8.00E-02,-3.00E-03,5.00E-06
519,-8.00E-02,-3.00E-03,5.00E-06
520,-8.00E-02,-3.00E-03,5.00E-06
521,1.60E-01,-3.00E-03,5.00E-06
522,8.00E-02,-3.00E-03,5.00E-06
523,-8.00E-02,-3.00E-03,5.00E-06
524,1.60E-01,-3.00E-03,5.00E-06
525,-8.00E-02,-3.00E-03,5.00E-06
526,1.60E-01,-3.00E-03,5.00E-06
527,-8.00E-02,-3.00E-03,5.00E-06
528,8.00E-02,-3.00E-03,5.00E-06
529,-8.00E-02,-3.00E-03,5.00E-06
530,-8.00E-02,-3.00E-03,5.00E-06
531,1.60E-01,-3.00E-03,5.00E-06
532,8.00E-02,-3.00E-03,5.00E-06
533,-8.00E-02,-3.00E-03,5.00E-06
534,8.00E-02,-3.00E-03,5.00E-06
535,-8.00E-02,-3.00E-03,5.00E-06
536,-8.00E-02,-3.00E-03,5.00E-06
537,1.60E-01,-3.00E-03,5.00E-06
538,8.00E-02,-3.00E-03,5.00E-06
539,0.00E+00,-3.00E-03,5.00E-06
540,8.00E-02,-3.00E-03,5.00E-06
541,-8.00E-02,-3.00E-03,5.00E-06
542,8.00E-02,-3.00E-03,5.00E-06
543,0.00E+00,-3.00E-03,5.00E-06
544,8.00E-02,-3.00E-03,5.00E-06
545,1.60E-01,-3.00E-03,5.00E-06
546,8.00E-02,-3.00E-03,5.00E-06
547,8.00E-02,-3.00E-03,5.00E-06
548,8.00E-02,-3.00E-03,5.00E-06
549,8.00E-02,-3.00E-03,5.00E-06
550,8.00E-02,-3.00E-03,5.00E-06
551,1.60E-01,-3.00E-03,5.00E-06
552,8.00E-02,-3.00E-03,5.00E-06
553,8.00E-02,-3.00E-03,5.00E-06
554,8.00E-02,-3.00E-03,5.00E-06
555,1.60E-01,-3.00E-03,5.00E-06
556,8.00E-02,-3.00E-03,5.00E-06
557,8.00E-02,-3.00E-03,5.00E-06
558,8.00E-02,-3.00E-03,5.00E-06
559,1.60E-01,-3.00E-03,5.00E-06
560,8.00E-02,-3.00E-03,5.00E-06
561,8.00E-02,-3.00E-03,5.00E-06
562,8.00E-02,-3.00E-03,5.00E-06
563,8.00E-02,-3.00E-03,5.00E-06
564,0.00E+00,-3.00E-03,5.00E-06
565,1.60E-01,-3.00E-03,5.00E-06
566,8.00E-02,-3.00E-03,5.00E-06
567,8.00E-02,-3.00E-03,5.00E-06
568,8.00E-02,-3.00E-03,5.00E-06
569,8.00E-02,-3.00E-03,5.00E-06
570,8.00E-02,-3.00E-03,5.00E-06
571,1.60E-01,-3.00E-03,5.00E-06
572,1.60E-01,-3.00E-03,5.00E-06
573,8.00E-02,-3.00E-03,5.00E-06
574,1.60E-01,-3.00E-03,5.00E-06
575,8.00E-02,-3.00E-03,5.00E-06
576,8.00E-02,-3.00E-03,5.00E-06
577,1.60E-01,-3.00E-03,5.00E-06
578,8.00E-02,-3.00E-03,5.00E-06
579,8.00E-02,-3.00E-03,5.00E-06
580,8.00E-02,-3.00E-03,5.00E-06
581,8.00E-02,-3.00E-03,5.00E-06
582,8.00E-02,-3.00E-03,5.00E-06
583,8.00E-02,-3.00E-03,5.00E-06
584,8.00E-02,-3.00E-03,5.00E-06
585,8.00E-02,-3.00E-03,5.00E-06
586,8.00E-02,-3.00E-03,5.00E-06
587,8.00E-02,-3.00E-03,5.00E-06
588,8.00E-02,-3.00E-03,5.00E-06
589,8.00E-02,-3.00E-03,5.00E-06
590,8.00E-02,-3.00E-03,5.00E-06
591,1.60E-01,-3.00E-03,5.00E-06
592,8.00E-02,-3.00E-03,5.00E-06
593,8.00E-02,-3.00E-03,5.00E-06
594,8.00E-02,-3.00E-03,5.00E-06
595,8.00E-02,-3.00E-03,5.00E-06
596,8.00E-02,-3.00E-03,5.00E-06
597,1.60E-01,-3.00E-03,5.00E-06
598,8.00E-02,-3.00E-03,5.00E-06
599,1.28E+00,-3.00E-03,5.00E-06
600,2.24E+00,-3.00E-03,5.00E-06
601,3.20E+00,-3.00E-03,5.00E-06
602,3.04E+00,-3.00E-03,5.00E-06
603,3.20E+00,-3.00E-03,5.00E-06
604,3.20E+00,-3.00E-03,5.00E-06
605,3.04E+00,-3.00E-03,5.00E-06
606,3.04E+00,-3.00E-03,5.00E-06
607,3.20E+00,-3.00E-03,5.00E-06
608,3.04E+00,-3.00E-03,5.00E-06
609,3.12E+00,-3.00E-03,5.00E-06
610,3.04E+00,-3.00E-03,5.00E-06
611,3.04E+00,-3.00E-03,5.00E-06
612,3.04E+00,-3.00E-03,5.00E-06
613,3.12E+00,-3.00E-03,5.00E-06
614,3.04E+00,-3.00E-03,5.00E-06
615,3.12E+00,-3.00E-03,5.00E-06
616,3.04E+00,-3.00E-03,5.00E-06
617,3.12E+00,-3.00E-03,5.00E-06
618,3.04E+00,-3.00E-03,5.00E-06
619,3.12E+00,-3.00E-03,5.00E-06
620,3.04E+00,-3.00E-03,5.00E-06
621,3.12E+00,-3.00E-03,5.00E-06
622,3.04E+00,-3.00E-03,5.00E-06
623,3.12E+00,-3.00E-03,5.00E-06
624,3.04E+00,-3.00E-03,5.00E-06
625,3.12E+00,-3.00E-03,5.00E-06
626,3.04E+00,-3.00E-03,5.00E-06
627,3.12E+00,-3.00E-03,5.00E-06
628,3.04E+00,-3.00E-03,5.00E-06
629,3.12E+00,-3.00E-03,5.00E-06
630,3.04E+00,-3.00E-03,5.00E-06
631,3.04E+00,-3.00E-03,5.00E-06
632,3.04E+00,-3.00E-03,5.00E-06
633,3.12E+00,-3.00E-03,5.00E-06
634,3.04E+00,-3.00E-03,5.00E-06
635,3.12E+00,-3.00E-03,5.00E-06
636,3.04E+00,-3.00E-03,5.00E-06
637,3.12E+00,-3.00E-03,5.00E-06
638,3.04E+00,-3.00E-03,5.00E-06
639,3.12E+00,-3.00E-03,5.00E-06
640,3.04E+00,-3.00E-03,5.00E-06
641,3.04E+00,-3.00E-03,5.00E-06
642,3.04E+00,-3.00E-03,5.00E-06
643,3.12E+00,-3.00E-03,5.00E-06
644,3.04E+00,-3.00E-03,5.00E-06
645,3.04E+00,-3.00E-03,5.00E-06
646,3.04E+00,-3.00E-03,5.00E-06
647,3.12E+00,-3.00E-03,5.00E-06
648,3.12E+00,-3.00E-03,5.00E-06
649,3.04E+00,-3.00E-03,5.00E-06
650,3.04E+00,-3.00E-03,5.00E-06
651,3.12E+00,-3.00E-03,5.00E-06
652,3.04E+00,-3.00E-03,5.00E-06
653,3.12E+00,-3.00E-03,5.00E-06
654,3.04E+00,-3.00E-03,5.00E-06
655,3.04E+00,-3.00E-03,5.00E-06
656,3.04E+00,-3.00E-03,5.00E-06
657,3.12E+00,-3.00E-03,5.00E-06
658,3.04E+00,-3.00E-03,5.00E-06
659,3.04E+00,-3.00E-03,5.00E-06
660,3.04E+00,-3.00E-03,5.00E-06
661,3.12E+00,-3.00E-03,5.00E-06
662,3.12E+00,-3.00E-03,5.00E-06
663,3.04E+00,-3.00E-03,5.00E-06
664,3.04E+00,-3.00E-03,5.00E-06
665,3.12E+00,-3.00E-03,5.00E-06
666,3.12E+00,-3.00E-03,5.00E-06
667,2.88E+00,-3.00E-03,5.00E-06
668,2.96E+00,-3.00E-03,5.00E-06
669,3.12E+00,-3.00E-03,5.00E-06
670,3.04E+00,-3.00E-03,5.00E-06
671,3.12E+00,-3.00E-03,5.00E-06
672,2.88E+00,-3.00E-03,5.00E-06
673,3.12E+00,-3.00E-03,5.00E-06
674,3.12E+00,-3.00E-03,5.00E-06
675,2.88E+00,-3.00E-03,5.00E-06
676,3.12E+00,-3.00E-03,5.00E-06
677,2.96E+00,-3.00E-03,5.00E-06
678,3.04E+00,-3.00E-03,5.00E-06
679,3.12E+00,-3.00E-03,5.00E-06
680,3.04E+00,-3.00E-03,5.00E-06
681,3.04E+00,-3.00E-03,5.00E-06
682,3.04E+00,-3.00E-03,5.00E-06
683,2.88E+00,-3.00E-03,5.00E-06
684,3.04E+00,-3.00E-03,5.00E-06
685,3.04E+00,-3.00E-03,5.00E-06
686,3.04E+00,-3.00E-03,5.00E-06
687,3.12E+00,-3.00E-03,5.00E-06
688,3.04E+00,-3.00E-03,5.00E-06
689,3.12E+00,-3.00E-03,5.00E-06
690,3.04E+00,-3.00E-03,5.00E-06
691,2.96E+00,-3.00E-03,5.00E-06
692,3.12E+00,-3.00E-03,5.00E-06
693,2.96E+00,-3.00E-03,5.00E-06
694,2.96E+00,-3.00E-03,5.00E-06
695,3.12E+00,-3.00E-03,5.00E-06
696,3.04E+00,-3.00E-03,5.00E-06
697,3.12E+00,-3.00E-03,5.00E-06
698,3.12E+00,-3.00E-03,5.00E-06
699,1.28E+00,-3.00E-03,5.00E-06
700,9.60E-01,-3.00E-03,5.00E-06
701,-8.00E-02,-3.00E-03,5.00E-06
702,0.00E+00,-3.00E-03,5.00E-06
703,-8.00E-02,-3.00E-03,5.00E-06
704,0.00E+00,-3.00E-03,5.00E-06
705,-8.00E-02,-3.00E-03,5.00E-06
706,0.00E+00,-3.00E-03,5.00E-06
707,-8.00E-02,-3.00E-03,5.00E-06
708,0.00E+00,-3.00E-03,5.00E-06
709,-8.00E-02,-3.00E-03,5.00E-06
710,0.00E+00,-3.00E-03,5.00E-06
711,-8.00E-02,-3.00E-03,5.00E-06
712,-8.00E-02,-3.00E-03,5.00E-06
713,0.00E+00,-3.00E-03,5.00E-06
714,-8.00E-02,-3.00E-03,5.00E-06
715,8.00E-02,-3.00E-03,5.00E-06
716,0.00E+00,-3.00E-03,5.00E-06
717,-8.00E-02,-3.00E-03,5.00E-06
718,-8.00E-02,-3.00E-03,5.00E-06
719,8.00E-02,-3.00E-03,5.00E-06
720,8.00E-02,-3.00E-03,5.00E-06
721,-8.00E-02,-3.00E-03,5.00E-06
722,0.00E+00,-3.00E-03,5.00E-06
723,8.00E-02,-3.00E-03,5.00E-06
724,-8.00E-02,-3.00E-03,5.00E-06
725,1.60E-01,-3.00E-03,5.00E-06
726,-8.00E-02,-3.00E-03,5.00E-06
727,1.60E-01,-3.00E-03,5.00E-06
728,1.60E-01,-3.00E-03,5.00E-06
729,-8.00E-02,-3.00E-03,5.00E-06
730,-8.00E-02,-3.00E-03,5.00E-06
731,1.60E-01,-3.00E-03,5.00E-06
732,8.00E-02,-3.00E-03,5.00E-06
733,-8.00E-02,-3.00E-03,5.00E-06
734,-8.00E-02,-3.00E-03,5.00E-06
735,1.60E-01,-3.00E-03,5.00E-06
736,8.00E-02,-3.00E-03,5.00E-06
737,-8.00E-02,-3.00E-03,5.00E-06
738,8.00E-02,-3.00E-03,5.00E-06
739,-8.00E-02,-3.00E-03,5.00E-06
740,0.00E+00,-3.00E-03,5.00E-06
741,1.60E-01,-3.00E-03,5.00E-06
742,8.00E-02,-3.00E-03,5.00E-06
743,0.00E+00,-3.00E-03,5.00E-06
744,8.00E-02,-3.00E-03,5.00E-06
745,0.00E+00,-3.00E-03,5.00E-06
746,8.00E-02,-3.00E-03,5.00E-06
747,-8.00E-02,-3.00E-03,5.00E-06
748,8.00E-02,-3.00E-03,5.00E-06
749,8.00E-02,-3.00E-03,5.00E-06
750,8.00E-02,-3.00E-03,5.00E-06
751,1.60E-01,-3.00E-03,5.00E-06
752,8.00E-02,-3.00E-03,5.00E-06
753,8.00E-02,-3.00E-03,5.00E-06
754,0.00E+00,-3.00E-03,5.00E-06
755,1.60E-01,-3.00E-03,5.00E-06
756,8.00E-02,-3.00E-03,5.00E-06
757,8.00E-02,-3.00E-03,5.00E-06
758,8.00E-02,-3.00E-03,5.00E-06
759,1.60E-01,-3.00E-03,5.00E-06
760,8.00E-02,-3.00E-03,5.00E-06
761,8.00E-02,-3.00E-03,5.00E-06
762,8.00E-02,-3.00E-03,5.00E-06
763,1.60E-01,-3.00E-03,5.00E-06
764,8.00E-02,-3.00E-03,5.00E-06
765,8.00E-02,-3.00E-03,5.00E-06
766,8.00E-02,-3.00E-03,5.00E-06
767,8.00E-02,-3.00E-03,5.00E-06
768,8.00E-02,-3.00E-03,5.00E-06
769,1.60E-01,-3.00E-03,5.00E-06
770,8.00E-02,-3.00E-03,5.00E-06
771,8.00E-02,-3.00E-03,5.00E-06
772,8.00E-02,-3.00E-03,5.00E-06
773,8.00E-02,-3.00E-03,5.00E-06
774,8.00E-02,-3.00E-03,5.00E-06
775,8.00E-02,-3.00E-03,5.00E-06
776,8.00E-02,-3.00E-03,5.00E-06
777,1.60E-01,-3.00E-03,5.00E-06
778,8.00E-02,-3.00E-03,5.00E-06
779,1.60E-01,-3.00E-03,5.00E-06
780,8.00E-02,-3.00E-03,5.00E-06
781,1.60E-01,-3.00E-03,5.00E-06
782,8.00E-02,-3.00E-03,5.00E-06
783,8.00E-02,-3.00E-03,5.00E-06
784,8.00E-02,-3.00E-03,5.00E-06
785,8.00E-02,-3.00E-03,5.00E-06
786,8.00E-02,-3.00E-03,5.00E-06
787,8.00E-02,-3.00E-03,5.00E-06
788,8.00E-02,-3.00E-03,5.00E-06
789,8.00E-02,-3.00E-03,5.00E-06
790,8.00E-02,-3.00E-03,5.00E-06
791,8.00E-02,-3.00E-03,5.00E-06
792,8.00E-02,-3.00E-03,5.00E-06
793,8.00E-02,-3.00E-03,5.00E-06
794,8.00E-02,-3.00E-03,5.00E-06
795,8.00E-02,-3.00E-03,5.00E-06
796,1.60E-01,-3.00E-03,5.00E-06
797,8.00E-02,-3.00E-03,5.00E-06
798,8.00E-02,-3.00E-03,5.00E-06
799,1.76E+00,-3.00E-03,5.00E-06
800,2.16E+00,-3.00E-03,5.00E-06
801,3.20E+00,-3.00E-03,5.00E-06
802,3.04E+00,-3.00E-03,5.00E-06
803,3.20E+00,-3.00E-03,5.00E-06
804,3.04E+00,-3.00E-03,5.00E-06
805,3.20E+00,-3.00E-03,5.00E-06
806,3.04E+00,-3.00E-03,5.00E-06
807,3.12E+00,-3.00E-03,5.00E-06
808,3.12E+00,-3.00E-03,5.00E-06
809,3.04E+00,-3.00E-03,5.00E-06
810,3.04E+00,-3.00E-03,5.00E-06
811,3.12E+00,-3.00E-03,5.00E-06
812,3.04E+00,-3.00E-03,5.00E-06
813,3.12E+00,-3.00E-03,5.00E-06
814,3.04E+00,-3.00E-03,5.00E-06
815,3.04E+00,-3.00E-03,5.00E-06
816,3.04E+00,-3.00E-03,5.00E-06
817,3.12E+00,-3.00E-03,5.00E-06
818,3.04E+00,-3.00E-03,5.00E-06
819,3.12E+00,-3.00E-03,5.00E-06
820,3.04E+00,-3.00E-03,5.00E-06
821,3.12E+00,-3.00E-03,5.00E-06
822,3.04E+00,-3.00E-03,5.00E-06
823,3.04E+00,-3.00E-03,5.00E-06
824,3.04E+00,-3.00E-03,5.00E-06
825,3.12E+00,-3.00E-03,5.00E-06
826,3.04E+00,-3.00E-03,5.00E-06
827,3.12E+00,-3.00E-03,5.00E-06
828,3.04E+00,-3.00E-03,5.00E-06
829,3.12E+00,-3.00E-03,5.00E-06
830,3.04E+00,-3.00E-03,5.00E-06
831,3.12E+00,-3.00E-03,5.00E-06
832,3.04E+00,-3.00E-03,5.00E-06
833,3.12E+00,-3.00E-03,5.00E-06
834,3.04E+00,-3.00E-03,5.00E-06
835,3.12E+00,-3.00E-03,5.00E-06
836,3.04E+00,-3.00E-03,5.00E-06
837,3.12E+00,-3.00E-03,5.00E-06
838,3.12E+00,-3.00E-03,5.00E-06
839,3.04E+00,-3.00E-03,5.00E-06
840,3.04E+00,-3.00E-03,5.00E-06
841,3.12E+00,-3.00E-03,5.00E-06
842,3.12E+00,-3.00E-03,5.00E-06
843,3.04E+00,-3.00E-03,5.00E-06
844,3.12E+00,-3.00E-03,5.00E-06
845,3.04E+00,-3.00E-03,5.00E-06
846,3.12E+00,-3.00E-03,5.00E-06
847,2.96E+00,-3.00E-03,5.00E-06
848,3.04E+00,-3.00E-03,5.00E-06
849,3.04E+00,-3.00E-03,5.00E-06
850,3.04E+00,-3.00E-03,5.00E-06
851,3.04E+00,-3.00E-03,5.00E-06
852,3.12E+00,-3.00E-03,5.00E-06
853,2.96E+00,-3.00E-03,5.00E-06
854,3.04E+00,-3.00E-03,5.00E-06
855,3.12E+00,-3.00E-03,5.00E-06
856,3.12E+00,-3.00E-03,5.00E-06
857,3.04E+00,-3.00E-03,5.00E-06
858,3.12E+00,-3.00E-03,5.00E-06
859,3.04E+00,-3.00E-03,5.00E-06
860,3.04E+00,-3.00E-03,5.00E-06
861,3.12E+00,-3.00E-03,5.00E-06
862,3.12E+00,-3.00E-03,5.00E-06
863,3.04E+00,-3.00E-03,5.00E-06
864,2.96E+00,-3.00E-03,5.00E-06
865,3.12E+00,-3.00E-03,5.00E-06
866,2.96E+00,-3.00E-03,5.00E-06
867,3.12E+00,-3.00E-03,5.00E-06
868,3.04E+00,-3.00E-03,5.00E-06
869,3.12E+00,-3.00E-03,5.00E-06
870,2.96E+00,-3.00E-03,5.00E-06
871,3.12E+00,-3.00E-03,5.00E-06
872,3.12E+00,-3.00E-03,5.00E-06
873,3.04E+00,-3.00E-03,5.00E-06
874,3.12E+00,-3.00E-03,5.00E-06
875,2.96E+00,-3.00E-03,5.00E-06
876,3.12E+00,-3.00E-03,5.00E-06
877,2.96E+00,-3.00E-03,5.00E-06
878,3.12E+00,-3.00E-03,5.00E-06
879,2.88E+00,-3.00E-03,5.00E-06
880,2.96E+00,-3.00E-03,5.00E-06
881,3.12E+00,-3.00E-03,5.00E-06
882,3.12E+00,-3.00E-03,5.00E-06
883,2.96E+00,-3.00E-03,5.00E-06
884,3.04E+00,-3.00E-03,5.00E-06
885,3.04E+00,-3.00E-03,5.00E-06
886,3.04E+00,-3.00E-03,5.00E-06
887,2.96E+00,-3.00E-03,5.00E-06
888,3.04E+00,-3.00E-03,5.00E-06
889,2.88E+00,-3.00E-03,5.00E-06
890,3.12E+00,-3.00E-03,5.00E-06
891,2.96E+00,-3.00E-03,5.00E-06
892,2.96E+00,-3.00E-03,5.00E-06
893,3.12E+00,-3.00E-03,5.00E-06
894,3.04E+00,-3.00E-03,5.00E-06
895,2.96E+00,-3.00E-03,5.00E-06
896,2.96E+00,-3.00E-03,5.00E-06
897,3.12E+00,-3.00E-03,5.00E-06
898,3.12E+00,-3.00E-03,5.00E-06
899,1.28E+00,-3.00E-03,5.00E-06
900,9.60E-01,-3.00E-03,5.00E-06
901,-8.00E-02,-3.00E-03,5.00E-06
902,0.00E+00,-3.00E-03,5.00E-06
903,-8.00E-02,-3.00E-03,5.00E-06
904,0.00E+00,-3.00E-03,5.00E-06
905,-8.00E-02,-3.00E-03,5.00E-06
906,-8.00E-02,-3.00E-03,5.00E-06
907,0.00E+00,-3.00E-03,5.00E-06
908,0.00E+00,-3.00E-03,5.00E-06
909,-8.00E-02,-3.00E-03,5.00E-06
910,-8.00E-02,-3.00E-03,5.00E-06
911,0.00E+00,-3.00E-03,5.00E-06
912,8.00E-02,-3.00E-03,5.00E-06
913,-8.00E-02,-3.00E-03,5.00E-06
914,-8.00E-02,-3.00E-03,5.00E-06
915,8.00E-02,-3.00E-03,5.00E-06
916,-8.00E-02,-3.00E-03,5.00E-06
917,8.00E-02,-3.00E-03,5.00E-06
918,8.00E-02,-3.00E-03,5.00E-06
919,-8.00E-02,-3.00E-03,5.00E-06
920,8.00E-02,-3.00E-03,5.00E-06
921,-8.00E-02,-3.00E-03,5.00E-06
922,1.60E-01,-3.00E-03,5.00E-06
923,-8.00E-02,-3.00E-03,5.00E-06
924,8.00E-02,-3.00E-03,5.00E-06
925,-8.00E-02,-3.00E-03,5.00E-06
926,8.00E-02,-3.00E-03,5.00E-06
927,-8.00E-02,-3.00E-03,5.00E-06
928,8.00E-02,-3.00E-03,5.00E-06
929,-8.00E-02,-3.00E-03,5.00E-06
930,1.60E-01,-3.00E-03,5.00E-06
931,-8.00E-02,-3.00E-03,5.00E-06
932,-8.00E-02,-3.00E-03,5.00E-06
933,1.60E-01,-3.00E-03,5.00E-06
934,8.00E-02,-3.00E-03,5.00E-06
935,0.00E+00,-3.00E-03,5.00E-06
936,1.60E-01,-3.00E-03,5.00E-06
937,-8.00E-02,-3.00E-03,5.00E-06
938,8.00E-02,-3.00E-03,5.00E-06
939,-8.00E-02,-3.00E-03,5.00E-06
940,1.60E-01,-3.00E-03,5.00E-06
941,-8.00E-02,-3.00E-03,5.00E-06
942,8.00E-02,-3.00E-03,5.00E-06
943,8.00E-02,-3.00E-03,5.00E-06
944,8.00E-02,-3.00E-03,5.00E-06
945,-8.00E-02,-3.00E-03,5.00E-06
946,8.00E-02,-3.00E-03,5.00E-06
947,1.60E-01,-3.00E-03,5.00E-06
948,8.00E-02,-3.00E-03,5.00E-06
949,8.00E-02,-3.00E-03,5.00E-06
950,8.00E-02,-3.00E-03,5.00E-06
951,8.00E-02,-3.00E-03,5.00E-06
952,8.00E-02,-3.00E-03,5.00E-06
953,8.00E-02,-3.00E-03,5.00E-06
954,1.60E-01,-3.00E-03,5.00E-06
955,-8.00E-02,-3.00E-03,5.00E-06
956,8.00E-02,-3.00E-03,5.00E-06
957,8.00E-02,-3.00E-03,5.00E-06
958,8.00E-02,-3.00E-03,5.00E-06
959,8.00E-02,-3.00E-03,5.00E-06
960,8.00E-02,-3.00E-03,5.00E-06
961,1.60E-01,-3.00E-03,5.00E-06
962,8.00E-02,-3.00E-03,5.00E-06
963,8.00E-02,-3.00E-03,5.00E-06
964,8.00E-02,-3.00E-03,5.00E-06
965,1.60E-01,-3.00E-03,5.00E-06
966,8.00E-02,-3.00E-03,5.00E-06
967,1.60E-01,-3.00E-03,5.00E-06
968,8.00E-02,-3.00E-03,5.00E-06
969,8.00E-02,-3.00E-03,5.00E-06
970,8.00E-02,-3.00E-03,5.00E-06
971,8.00E-02,-3.00E-03,5.00E-06
972,8.00E-02,-3.00E-03,5.00E-06
973,8.00E-02,-3.00E-03,5.00E-06
974,1.60E-01,-3.00E-03,5.00E-06
975,8.00E-02,-3.00E-03,5.00E-06
976,8.00E-02,-3.00E-03,5.00E-06
977,8.00E-02,-3.00E-03,5.00E-06
978,8.00E-02,-3.00E-03,5.00E-06
979,8.00E-02,-3.00E-03,5.00E-06
980,8.00E-02,-3.00E-03,5.00E-06
981,1.60E-01,-3.00E-03,5.00E-06
982,8.00E-02,-3.00E-03,5.00E-06
983,1.60E-01,-3.00E-03,5.00E-06
984,8.00E-02,-3.00E-03,5.00E-06
985,1.60E-01,-3.00E-03,5.00E-06
986,8.00E-02,-3.00E-03,5.00E-06
987,8.00E-02,-3.00E-03,5.00E-06
988,8.00E-02,-3.00E-03,5.00E-06
989,8.00E-02,-3.00E-03,5.00E-06
990,8.00E-02,-3.00E-03,5.00E-06
991,8.00E-02,-3.00E-03,5.00E-06
992,8.00E-02,-3.00E-03,5.00E-06
993,8.00E-02,-3.00E-03,5.00E-06
994,8.00E-02,-3.00E-03,5.00E-06
995,8.00E-02,-3.00E-03,5.00E-06
996,8.00E-02,-3.00E-03,5.00E-06
997,8.00E-02,-3.00E-03,5.00E-06
998,8.00E-02,-3.00E-03,5.00E-06
999,1.76E+00,-3.00E-03,5.00E-06
1000,2.24E+00,-3.00E-03,5.00E-06
1001,3.12E+00,-3.00E-03,5.00E-06
1002,3.04E+00,-3.00E-03,5.00E-06
1003,3.20E+00,-3.00E-03,5.00E-06
1004,3.04E+00,-3.00E-03,5.00E-06
1005,3.20E+00,-3.00E-03,5.00E-06
1006,3.04E+00,-3.00E-03,5.00E-06
1007,3.12E+00,-3.00E-03,5.00E-06
1008,3.04E+00,-3.00E-03,5.00E-06
1009,3.04E+00,-3.00E-03,5.00E-06
1010,3.04E+00,-3.00E-03,5.00E-06
1011,3.12E+00,-3.00E-03,5.00E-06
1012,3.12E+00,-3.00E-03,5.00E-06
1013,3.04E+00,-3.00E-03,5.00E-06
1014,3.04E+00,-3.00E-03,5.00E-06
1015,3.12E+00,-3.00E-03,5.00E-06
1016,3.04E+00,-3.00E-03,5.00E-06
1017,3.12E+00,-3.00E-03,5.00E-06
1018,3.04E+00,-3.00E-03,5.00E-06
1019,3.04E+00,-3.00E-03,5.00E-06
1020,3.04E+00,-3.00E-03,5.00E-06
1021,3.04E+00,-3.00E-03,5.00E-06
1022,3.04E+00,-3.00E-03,5.00E-06
1023,3.12E+00,-3.00E-03,5.00E-06
1024,3.04E+00,-3.00E-03,5.00E-06
1025,3.12E+00,-3.00E-03,5.00E-06
1026,3.04E+00,-3.00E-03,5.00E-06
1027,3.04E+00,-3.00E-03,5.00E-06
1028,3.04E+00,-3.00E-03,5.00E-06
1029,3.12E+00,-3.00E-03,5.00E-06
1030,3.04E+00,-3.00E-03,5.00E-06
1031,3.12E+00,-3.00E-03,5.00E-06
1032,3.04E+00,-3.00E-03,5.00E-06
1033,3.12E+00,-3.00E-03,5.00E-06
1034,3.04E+00,-3.00E-03,5.00E-06
1035,3.12E+00,-3.00E-03,5.00E-06
1036,3.04E+00,-3.00E-03,5.00E-06
1037,3.12E+00,-3.00E-03,5.00E-06
1038,3.04E+00,-3.00E-03,5.00E-06
1039,3.12E+00,-3.00E-03,5.00E-06
1040,3.04E+00,-3.00E-03,5.00E-06
1041,3.12E+00,-3.00E-03,5.00E-06
1042,3.04E+00,-3.00E-03,5.00E-06
1043,3.12E+00,-3.00E-03,5.00E-06
1044,3.04E+00,-3.00E-03,5.00E-06
1045,3.12E+00,-3.00E-03,5.00E-06
1046,3.04E+00,-3.00E-03,5.00E-06
1047,3.12E+00,-3.00E-03,5.00E-06
1048,3.12E+00,-3.00E-03,5.00E-06
1049,2.96E+00,-3.00E-03,5.00E-06
1050,3.04E+00,-3.00E-03,5.00E-06
1051,3.12E+00,-3.00E-03,5.00E-06
1052,3.04E+00,-3.00E-03,5.00E-06
1053,3.04E+00,-3.00E-03,5.00E-06
1054,3.04E+00,-3.00E-03,5.00E-06
1055,3.04E+00,-3.00E-03,5.00E-06
1056,3.04E+00,-3.00E-03,5.00E-06
1057,3.12E+00,-3.00E-03,5.00E-06
1058,3.12E+00,-3.00E-03,5.00E-06
1059,2.96E+00,-3.00E-03,5.00E-06
1060,3.04E+00,-3.00E-03,5.00E-06
1061,3.12E+00,-3.00E-03,5.00E-06
1062,3.04E+00,-3.00E-03,5.00E-06
1063,3.12E+00,-3.00E-03,5.00E-06
1064,2.96E+00,-3.00E-03,5.00E-06
1065,3.12E+00,-3.00E-03,5.00E-06
1066,3.04E+00,-3.00E-03,5.00E-06
1067,3.12E+00,-3.00E-03,5.00E-06
1068,2.96E+00,-3.00E-03,5.00E-06
1069,3.12E+00,-3.00E-03,5.00E-06
1070,3.04E+00,-3.00E-03,5.00E-06
1071,3.12E+00,-3.00E-03,5.00E-06
1072,2.96E+00,-3.00E-03,5.00E-06
1073,3.12E+00,-3.00E-03,5.00E-06
1074,3.04E+00,-3.00E-03,5.00E-06
1075,3.12E+00,-3.00E-03,5.00E-06
1076,3.04E+00,-3.00E-03,5.00E-06
1077,3.12E+00,-3.00E-03,5.00E-06
1078,3.12E+00,-3.00E-03,5.00E-06
1079,2.88E+00,-3.00E-03,5.00E-06
1080,3.12E+00,-3.00E-03,5.00E-06
1081,3.04E+00,-3.00E-03,5.00E-06
1082,3.04E+00,-3.00E-03,5.00E-06
1083,3.12E+00,-3.00E-03,5.00E-06
1084,2.96E+00,-3.00E-03,5.00E-06
1085,3.12E+00,-3.00E-03,5.00E-06
1086,3.04E+00,-3.00E-03,5.00E-06
1087,3.12E+00,-3.00E-03,5.00E-06
1088,3.12E+00,-3.00E-03,5.00E-06
1089,2.96E+00,-3.00E-03,5.00E-06
1090,3.04E+00,-3.00E-03,5.00E-06
1091,2.88E+00,-3.00E-03,5.00E-06
1092,3.04E+00,-3.00E-03,5.00E-06
1093,3.04E+00,-3.00E-03,5.00E-06
1094,3.04E+00,-3.00E-03,5.00E-06
1095,2.88E+00,-3.00E-03,5.00E-06
1096,3.12E+00,-3.00E-03,5.00E-06
1097,2.96E+00,-3.00E-03,5.00E-06
1098,3.04E+00,-3.00E-03,5.00E-06
1099,1.28E+00,-3.00E-03,5.00E-06
1100,9.60E-01,-3.00E-03,5.00E-06
1101,-8.00E-02,-3.00E-03,5.00E-06
1102,0.00E+00,-3.00E-03,5.00E-06
1103,-8.00E-02,-3.00E-03,5.00E-06
1104,0.00E+00,-3.00E-03,5.00E-06
1105,-8.00E-02,-3.00E-03,5.00E-06
1106,-8.00E-02,-3.00E-03,5.00E-06
1107,0.00E+00,-3.00E-03,5.00E-06
1108,0.00E+00,-3.00E-03,5.00E-06
1109,-8.00E-02,-3.00E-03,5.00E-06
1110,0.00E+00,-3.00E-03,5.00E-06
1111,-8.00E-02,-3.00E-03,5.00E-06
1112,-8.00E-02,-3.00E-03,5.00E-06
1113,8.00E-02,-3.00E-03,5.00E-06
1114,0.00E+00,-3.00E-03,5.00E-06
1115,-8.00E-02,-3.00E-03,5.00E-06
1116,8.00E-02,-3.00E-03,5.00E-06
1117,-8.00E-02,-3.00E-03,5.00E-06
1118,-8.00E-02,-3.00E-03,5.00E-06
1119,8.00E-02,-3.00E-03,5.00E-06
1120,-8.00E-02,-3.00E-03,5.00E-06
1121,8.00E-02,-3.00E-03,5.00E-06
1122,-8.00E-02,-3.00E-03,5.00E-06
1123,8.00E-02,-3.00E-03,5.00E-06
1124,8.00E-02,-3.00E-03,5.00E-06
1125,-8.00E-02,-3.00E-03,5.00E-06
1126,-8.00E-02,-3.00E-03,5.00E-06
1127,1.60E-01,-3.00E-03,5.00E-06
1128,8.00E-02,-3.00E-03,5.00E-06
1129,-8.00E-02,-3.00E-03,5.00E-06
1130,8.00E-02,-3.00E-03,5.00E-06
1131,-8.00E-02,-3.00E-03,5.00E-06
1132,8.00E-02,-3.00E-03,5.00E-06
1133,-8.00E-02,-3.00E-03,5.00E-06
1134,-8.00E-02,-3.00E-03,5.00E-06
1135,1.60E-01,-3.00E-03,5.00E-06
1136,1.60E-01,-3.00E-03,5.00E-06
1137,0.00E+00,-3.00E-03,5.00E-06
1138,1.60E-01,-3.00E-03,5.00E-06
1139,-8.00E-02,-3.00E-03,5.00E-06
1140,1.60E-01,-3.00E-03,5.00E-06
1141,0.00E+00,-3.00E-03,5.00E-06
1142,8.00E-02,-3.00E-03,5.00E-06
1143,8.00E-02,-3.00E-03,5.00E-06
1144,1.60E-01,-3.00E-03,5.00E-06
1145,0.00E+00,-3.00E-03,5.00E-06
1146,8.00E-02,-3.00E-03,5.00E-06
1147,8.00E-02,-3.00E-03,5.00E-06
1148,8.00E-02,-3.00E-03,5.00E-06
1149,0.00E+00,-3.00E-03,5.00E-06
1150,0.00E+00,-3.00E-03,5.00E-06
1151,1.60E-01,-3.00E-03,5.00E-06
1152,8.00E-02,-3.00E-03,5.00E-06
1153,8.00E-02,-3.00E-03,5.00E-06
1154,8.00E-02,-3.00E-03,5.00E-06
1155,8.00E-02,-3.00E-03,5.00E-06
1156,8.00E-02,-3.00E-03,5.00E-06
1157,-8.00E-02,-3.00E-03,5.00E-06
1158,8.00E-02,-3.00E-03,5.00E-06
1159,1.60E-01,-3.00E-03,5.00E-06
1160,8.00E-02,-3.00E-03,5.00E-06
1161,8.00E-02,-3.00E-03,5.00E-06
1162,8.00E-02,-3.00E-03,5.00E-06
1163,8.00E-02,-3.00E-03,5.00E-06
1164,8.00E-02,-3.00E-03,5.00E-06
1165,1.60E-01,-3.00E-03,5.00E-06
1166,8.00E-02,-3.00E-03,5.00E-06
1167,8.00E-02,-3.00E-03,5.00E-06
1168,8.00E-02,-3.00E-03,5.00E-06
1169,1.60E-01,-3.00E-03,5.00E-06
1170,8.00E-02,-3.00E-03,5.00E-06
1171,1.60E-01,-3.00E-03,5.00E-06
1172,1.60E-01,-3.00E-03,5.00E-06
1173,8.00E-02,-3.00E-03,5.00E-06
1174,8.00E-02,-3.00E-03,5.00E-06
1175,8.00E-02,-3.00E-03,5.00E-06
1176,8.00E-02,-3.00E-03,5.00E-06
1177,8.00E-02,-3.00E-03,5.00E-06
1178,8.00E-02,-3.00E-03,5.00E-06
1179,1.60E-01,-3.00E-03,5.00E-06
1180,8.00E-02,-3.00E-03,5.00E-06
1181,8.00E-02,-3.00E-03,5.00E-06
1182,8.00E-02,-3.00E-03,5.00E-06
1183,8.00E-02,-3.00E-03,5.00E-06
1184,8.00E-02,-3.00E-03,5.00E-06
1185,1.60E-01,-3.00E-03,5.00E-06
1186,8.00E-02,-3.00E-03,5.00E-06
1187,1.60E-01,-3.00E-03,5.00E-06
1188,8.00E-02,-3.00E-03,5.00E-06
1189,1.60E-01,-3.00E-03,5.00E-06
1190,8.00E-02,-3.00E-03,5.00E-06
1191,1.60E-01,-3.00E-03,5.00E-06
1192,8.00E-02,-3.00E-03,5.00E-06
1193,8.00E-02,-3.00E-03,5.00E-06
1194,8.00E-02,-3.00E-03,5.00E-06
1195,8.00E-02,-3.00E-03,5.00E-06
1196,8.00E-02,-3.00E-03,5.00E-06
1197,8.00E-02,-3.00E-03,5.00E-06
1198,8.00E-02,-3.00E-03,5.00E-06
1199,1.84E+00,-3.00E-03,5.00E-06
